lead_fragment,library_fragment,library_source,similarity,analogue_smiles,docking_score,delta_docking_score
C[*:1],FC[*:1],ZINC000012496510,0.9429,CC(CF)c1nc(N(C)S(C)(=O)=O)nc(-c2ccc(F)cc2)c1/C=C/[C@H](O)C[C@H](O)CC(=O)O,-6.7,0.0
C[*:1],N[*:1],ZINC000003156382,0.9386,CC(N)c1nc(N(C)S(C)(=O)=O)nc(-c2ccc(F)cc2)c1/C=C/[C@H](O)C[C@H](O)CC(=O)O,-5.6,1.1000000000000005
C[*:1],FC(F)[*:1],ZINC000217731696,0.9240,CC(c1nc(N(C)S(C)(=O)=O)nc(-c2ccc(F)cc2)c1/C=C/[C@H](O)C[C@H](O)CC(=O)O)C(F)F,-5.7,1.0
C[*:1],FC(F)(F)[*:1],ZINC000005399347,0.9051,CC(c1nc(N(C)S(C)(=O)=O)nc(-c2ccc(F)cc2)c1/C=C/[C@H](O)C[C@H](O)CC(=O)O)C(F)(F)F,-6.3,0.40000000000000036
C[*:1],O=[N+]([O-])[*:1],ZINC000524731305,0.8963,CC(c1nc(N(C)S(C)(=O)=O)nc(-c2ccc(F)cc2)c1/C=C/[C@H](O)C[C@H](O)CC(=O)O)[N+](=O)[O-],-6.8,-0.09999999999999964
CC(C)[*:1],CN(C)[*:1],ZINC000070666542,0.9751,CN(C)c1nc(N(C)S(C)(=O)=O)nc(-c2ccc(F)cc2)c1/C=C/[C@H](O)C[C@H](O)CC(=O)O,-6.4,0.2999999999999998
CC(C)[*:1],N[C@H](CO)[*:1],ZINC000005273845,0.9624,CN(c1nc(-c2ccc(F)cc2)c(/C=C/[C@H](O)C[C@H](O)CC(=O)O)c([C@H](N)CO)n1)S(C)(=O)=O,-5.9,0.7999999999999998
CC(C)[*:1],N[C@@H](CO)[*:1],ZINC000005273797,0.9619,CN(c1nc(-c2ccc(F)cc2)c(/C=C/[C@H](O)C[C@H](O)CC(=O)O)c([C@@H](N)CO)n1)S(C)(=O)=O,-5.8,0.9000000000000004
CC(C)[*:1],CC(C)(Cl)[*:1],ZINC000014490904,0.9538,CN(c1nc(-c2ccc(F)cc2)c(/C=C/[C@H](O)C[C@H](O)CC(=O)O)c(C(C)(C)Cl)n1)S(C)(=O)=O,-5.9,0.7999999999999998
CC(C)[*:1],C[N+](C)([O-])[*:1],ZINC000000895523,0.9535,CN(c1nc(-c2ccc(F)cc2)c(/C=C/[C@H](O)C[C@H](O)CC(=O)O)c([N+](C)(C)[O-])n1)S(C)(=O)=O,-7.0,-0.2999999999999998
CN(S(C)(=O)=O)[*:1],C[C@H]1OCC[C@@H]1[*:1],ZINC000004262496,0.9554,CC(C)c1nc([C@H]2CCO[C@@H]2C)nc(-c2ccc(F)cc2)c1/C=C/[C@H](O)C[C@H](O)CC(=O)O,-6.0,0.7000000000000002
CN(S(C)(=O)=O)[*:1],C[C@]1(CO)O[C@H]1[*:1],ZINC000257628120,0.9456,CC(C)c1nc([C@@H]2O[C@]2(C)CO)nc(-c2ccc(F)cc2)c1/C=C/[C@H](O)C[C@H](O)CC(=O)O,-5.8,0.9000000000000004
CN(S(C)(=O)=O)[*:1],C[C@H](C(=O)O)C(=O)[*:1],ZINC000005818690,0.9390,CC(C)c1nc(C(=O)[C@H](C)C(=O)O)nc(-c2ccc(F)cc2)c1/C=C/[C@H](O)C[C@H](O)CC(=O)O,-6.2,0.5
CN(S(C)(=O)=O)[*:1],C[C@@](O)(CO)[C@H](O)[*:1],ZINC000257392417,0.9387,CC(C)c1nc([C@@H](O)[C@](C)(O)CO)nc(-c2ccc(F)cc2)c1/C=C/[C@H](O)C[C@H](O)CC(=O)O,-5.9,0.7999999999999998
CN(S(C)(=O)=O)[*:1],C[C@H](CS)C[*:1],ZINC000003861378,0.9380,CC(C)c1nc(C[C@H](C)CS)nc(-c2ccc(F)cc2)c1/C=C/[C@H](O)C[C@H](O)CC(=O)O,-6.0,0.7000000000000002
Fc1ccc([*:1])cc1,Fc1ccc([*:1])nc1,ZINC000049155361,0.9426,CC(C)c1nc(N(C)S(C)(=O)=O)nc(-c2ccc(F)cn2)c1/C=C/[C@H](O)C[C@H](O)CC(=O)O,-6.0,0.7000000000000002
Fc1ccc([*:1])cc1,C[C@H](O)CC(=O)[*:1],ZINC000257551525,0.9344,CC(C)c1nc(N(C)S(C)(=O)=O)nc(C(=O)C[C@H](C)O)c1/C=C/[C@H](O)C[C@H](O)CC(=O)O,-7.1,-0.39999999999999947
Fc1ccc([*:1])cc1,C[C@@H](O)CC(=O)[*:1],ZINC000257551526,0.9335,CC(C)c1nc(N(C)S(C)(=O)=O)nc(C(=O)C[C@@H](C)O)c1/C=C/[C@H](O)C[C@H](O)CC(=O)O,-7.0,-0.2999999999999998
Fc1ccc([*:1])cc1,Fc1cccc([*:1])c1,ZINC000514289382,0.9323,CC(C)c1nc(N(C)S(C)(=O)=O)nc(-c2cccc(F)c2)c1/C=C/[C@H](O)C[C@H](O)CC(=O)O,-6.0,0.7000000000000002
Fc1ccc([*:1])cc1,C[C@H](S)CC(=O)[*:1],ZINC000032165362,0.9238,CC(C)c1nc(N(C)S(C)(=O)=O)nc(C(=O)C[C@H](C)S)c1/C=C/[C@H](O)C[C@H](O)CC(=O)O,-6.9,-0.20000000000000018
F[*:1],Cl[*:1],ZINC000014689040,0.8860,CC(C)c1nc(N(C)S(C)(=O)=O)nc(-c2ccc(Cl)cc2)c1/C=C/[C@H](O)C[C@H](O)CC(=O)O,-5.5,1.2000000000000002
F[*:1],O[*:1],ZINC000014618536,0.8701,CC(C)c1nc(N(C)S(C)(=O)=O)nc(-c2ccc(O)cc2)c1/C=C/[C@H](O)C[C@H](O)CC(=O)O,-6.8,-0.09999999999999964
F[*:1],N[*:1],ZINC000003156382,0.8406,CC(C)c1nc(N(C)S(C)(=O)=O)nc(-c2ccc(N)cc2)c1/C=C/[C@H](O)C[C@H](O)CC(=O)O,-6.8,-0.09999999999999964
F[*:1],Br[*:1],ZINC000000800349,0.8397,CC(C)c1nc(N(C)S(C)(=O)=O)nc(-c2ccc(Br)cc2)c1/C=C/[C@H](O)C[C@H](O)CC(=O)O,-5.9,0.7999999999999998
F[*:1],C[*:1],ZINC000014618536,0.8019,Cc1ccc(-c2nc(N(C)S(C)(=O)=O)nc(C(C)C)c2/C=C/[C@H](O)C[C@H](O)CC(=O)O)cc1,-5.8,0.9000000000000004
O[*:1],N[*:1],ZINC000003156382,0.9336,CC(C)c1nc(N(C)S(C)(=O)=O)nc(-c2ccc(F)cc2)c1/C=C/[C@H](N)C[C@H](O)CC(=O)O,-6.8,-0.09999999999999964
O[*:1],Cl[*:1],ZINC000014689040,0.9121,CC(C)c1nc(N(C)S(C)(=O)=O)nc(-c2ccc(F)cc2)c1/C=C/[C@H](Cl)C[C@H](O)CC(=O)O,-5.8,0.9000000000000004
O[*:1],Br[*:1],ZINC000000800349,0.9006,CC(C)c1nc(N(C)S(C)(=O)=O)nc(-c2ccc(F)cc2)c1/C=C/[C@H](Br)C[C@H](O)CC(=O)O,-5.9,0.7999999999999998
O[*:1],C[*:1],ZINC000014618536,0.8819,CC(C)c1nc(N(C)S(C)(=O)=O)nc(-c2ccc(F)cc2)c1/C=C/[C@H](C)C[C@H](O)CC(=O)O,-6.4,0.2999999999999998
O[*:1],F[*:1],ZINC000065249023,0.8701,CC(C)c1nc(N(C)S(C)(=O)=O)nc(-c2ccc(F)cc2)c1/C=C/[C@H](F)C[C@H](O)CC(=O)O,-6.8,-0.09999999999999964
O=C(O)C[C@@H](O)C[*:1],O=C(O)CC[C@H](O)[*:1],ZINC000100770509,0.9534,CC(C)c1nc(N(C)S(C)(=O)=O)nc(-c2ccc(F)cc2)c1/C=C/[C@H](O)[C@@H](O)CCC(=O)O,-5.7,1.0
O=C(O)C[C@@H](O)C[*:1],C[C@@H]1N=C(O)N[C@@H]1[*:1],ZINC000094437777,0.9412,CC(C)c1nc(N(C)S(C)(=O)=O)nc(-c2ccc(F)cc2)c1/C=C/[C@H](O)[C@H]1NC(O)=N[C@H]1C,-6.8,-0.09999999999999964
O=C(O)C[C@@H](O)C[*:1],O=C(O)C[C@H](O)C[*:1],ZINC000012493608,0.9393,CC(C)c1nc(N(C)S(C)(=O)=O)nc(-c2ccc(F)cc2)c1/C=C/[C@H](O)C[C@@H](O)CC(=O)O,-6.1,0.6000000000000005
O=C(O)C[C@@H](O)C[*:1],C[C@H](CCO)C[*:1],ZINC000001561960,0.9387,CC(C)c1nc(N(C)S(C)(=O)=O)nc(-c2ccc(F)cc2)c1/C=C/[C@H](O)C[C@H](C)CCO,-6.4,0.2999999999999998
O=C(O)C[C@@H](O)C[*:1],C[C@@H](CCO)C[*:1],ZINC000014655148,0.9387,CC(C)c1nc(N(C)S(C)(=O)=O)nc(-c2ccc(F)cc2)c1/C=C/[C@H](O)C[C@@H](C)CCO,-5.9,0.7999999999999998
O=C(O)C[C@@H](O)[*:1],N[C@H](CC(=O)O)[*:1],ZINC000050027288,0.9487,CC(C)c1nc(N(C)S(C)(=O)=O)nc(-c2ccc(F)cc2)c1/C=C/[C@H](O)C[C@H](N)CC(=O)O,-6.0,0.7000000000000002
O=C(O)C[C@@H](O)[*:1],N[C@@H](CC(=O)O)[*:1],ZINC000003645672,0.9487,CC(C)c1nc(N(C)S(C)(=O)=O)nc(-c2ccc(F)cc2)c1/C=C/[C@H](O)C[C@@H](N)CC(=O)O,-5.6,1.1000000000000005
O=C(O)C[C@@H](O)[*:1],O=C(O)[C@H](O)[C@H](O)[*:1],ZINC000000901063,0.9372,CC(C)c1nc(N(C)S(C)(=O)=O)nc(-c2ccc(F)cc2)c1/C=C/[C@H](O)C[C@@H](O)[C@@H](O)C(=O)O,-6.9,-0.20000000000000018
O=C(O)C[C@@H](O)[*:1],O[C@H](CS)[*:1],ZINC000000968222,0.9348,CC(C)c1nc(N(C)S(C)(=O)=O)nc(-c2ccc(F)cc2)c1/C=C/[C@H](O)C[C@H](O)CS,-5.5,1.2000000000000002
O=C(O)C[C@@H](O)[*:1],O=[S@@](O)CC[*:1],ZINC000025720432,0.9340,CC(C)c1nc(N(C)S(C)(=O)=O)nc(-c2ccc(F)cc2)c1/C=C/[C@H](O)CCC[S@@](=O)O,-6.3,0.40000000000000036
O=C(O)C[*:1],O=C(O)[C@H](F)[*:1],ZINC000003634659,0.9815,CC(C)c1nc(N(C)S(C)(=O)=O)nc(-c2ccc(F)cc2)c1/C=C/[C@H](O)C[C@H](O)[C@@H](F)C(=O)O,-6.9,-0.20000000000000018
O=C(O)C[*:1],O=C(O)[C@@H](F)[*:1],ZINC000003634658,0.9815,CC(C)c1nc(N(C)S(C)(=O)=O)nc(-c2ccc(F)cc2)c1/C=C/[C@H](O)C[C@H](O)[C@H](F)C(=O)O,-6.7,0.0
O=C(O)C[*:1],O=COC[*:1],ZINC000040164573,0.9403,CC(C)c1nc(N(C)S(C)(=O)=O)nc(-c2ccc(F)cc2)c1/C=C/[C@H](O)C[C@H](O)COC=O,-5.8,0.9000000000000004
O=C(O)C[*:1],O=C(O)[C@H](Cl)[*:1],ZINC000004654824,0.9352,CC(C)c1nc(N(C)S(C)(=O)=O)nc(-c2ccc(F)cc2)c1/C=C/[C@H](O)C[C@H](O)[C@@H](Cl)C(=O)O,-6.0,0.7000000000000002
O=C(O)C[*:1],O=C(O)[C@@H](Cl)[*:1],ZINC000004654823,0.9352,CC(C)c1nc(N(C)S(C)(=O)=O)nc(-c2ccc(F)cc2)c1/C=C/[C@H](O)C[C@H](O)[C@H](Cl)C(=O)O,-5.6,1.1000000000000005
O=C(O)[*:1],ON[*:1],ZINC000000901599,0.9458,CC(C)c1nc(N(C)S(C)(=O)=O)nc(-c2ccc(F)cc2)c1/C=C/[C@H](O)C[C@H](O)CNO,-5.8,0.9000000000000004
O=C(O)[*:1],O=CN[*:1],ZINC000000895844,0.9297,CC(C)c1nc(N(C)S(C)(=O)=O)nc(-c2ccc(F)cc2)c1/C=C/[C@H](O)C[C@H](O)CNC=O,-5.7,1.0
O=C(O)[*:1],N=C(O)[*:1],ZINC000085551904,0.9284,CC(C)c1nc(N(C)S(C)(=O)=O)nc(-c2ccc(F)cc2)c1/C=C/[C@H](O)C[C@H](O)CC(=N)O,-6.6,0.10000000000000053
O=C(O)[*:1],NN[*:1],ZINC000000193573,0.9227,CC(C)c1nc(N(C)S(C)(=O)=O)nc(-c2ccc(F)cc2)c1/C=C/[C@H](O)C[C@H](O)CNN,-5.8,0.9000000000000004
O=C(O)[*:1],NC(=O)[*:1],ZINC000057448070,0.9186,CC(C)c1nc(N(C)S(C)(=O)=O)nc(-c2ccc(F)cc2)c1/C=C/[C@H](O)C[C@H](O)CC(N)=O,-5.7,1.0
